9
MENOLLY.CHR  MENOLLY.CR2  MENOLLY.DAT
SEREN.CHR    SEREN.CR2    SEREN.DAT
ALEC1.CHR    ALEC.CR2     ALEC.DAT
YOU.CHR      CONDOR.CR2   CONDOR.DAT
GALADOR.CHR  GALADOR.CR2  GALADOR.DAT
KAIN.CHR     KAIN.CR2     KAIN.DAT
KARA.CHR     KARA.CR2     KARA.DAT
DIPPY.CHR    DIPPY.CR2    DIPPY.DAT
ONAM.CHR     ONAM.CR2     ONAM.DAT